{
    "train_loss": [
        1.3702147942886018,
        0.6675501816105425,
        0.4748183666614064,
        0.3807212846320972,
        0.2784795656538846,
        0.22689928134021006,
        0.1834219492841185,
        0.1550303569324968,
        0.1388960052771788,
        0.10282534909875769,
        0.09883778672992137,
        0.08136556786893491,
        0.0851012929669467,
        0.09022441026019423,
        0.080708530086109,
        0.06631743135502595,
        0.059172994289710595,
        0.06039721657432158,
        0.06293288564815987,
        0.05456492046237384
    ],
    "val_loss": [
        0.7803635185956955,
        0.5632462427020073,
        0.5186395017057657,
        0.47528045458719137,
        0.5016243751719593,
        0.5295743000879883,
        0.5403547080419958,
        0.6057715805061161,
        0.6077561967633665,
        0.6441685268282891,
        0.6925541877280921,
        0.7171347551606595,
        0.7383883218094707,
        0.7498218826577068,
        0.7723851531464606,
        0.8007648236909881,
        0.8427511253254488,
        0.83458168779267,
        0.9359823103179223,
        0.9144275670708157
    ],
    "val_acc": [
        0.7168597168597168,
        0.7760617760617761,
        0.7953667953667953,
        0.8120978120978121,
        0.8095238095238095,
        0.7915057915057915,
        0.8108108108108109,
        0.8018018018018018,
        0.8146718146718147,
        0.8120978120978121,
        0.7940797940797941,
        0.8043758043758044,
        0.7992277992277992,
        0.8185328185328186,
        0.8198198198198198,
        0.8043758043758044,
        0.8133848133848134,
        0.8133848133848134,
        0.8120978120978121,
        0.7915057915057915
    ]
}